//Assginment 12

//Assingment no 12:
Q.1 Create a table employees as below:
+------+--------+------------+--------+
| eid | name | experience | salary |
+------+--------+------------+--------+
| 101 | Vijay | 12 | 56000 |
| 103 | Rani | 0 | 14000 |
| 104 | Ramesh | 6 | 45000 |
| 105 | Anil | 5 | 34600 |
| 107 | Akash | 14 | 67800 |
| 108 | Priya | 7 | 60000 |
+------+--------+------------+--------+
Create a cursor to copy the data from this table to another table named emp with
contains eid, name and salary only. The salary copied should be like 56K, 14K, 45K
34K onwards. The names on employees copied should be in upper case only.

mysql> create table employee1(eid int,name varchar(50),experience int,salary double);
mysql> nsert into employee1 values(0,'Vijay',12,56000);

mysql> select * from employee1;\
+------+---------+------------+--------+
| eid  | name    | experience | salary |
+------+---------+------------+--------+
|  101 | Vijay   |         12 |  56000 |
|  102 | Rani    |          0 |  14000 |
|  104 |  Ramesh |          6 |  45000 |
|  105 | Anil    |          5 |  34600 |
|  107 | Akash   |         14 |  67800 |
|  108 |  Priya  |          7 |  60000 |
+------+---------+------------+--------+
6 rows in set (0.00 sec)

mysql> create table emp1(eid int,name varchar(50),salary varchar(50));
Query OK, 0 rows affected (0.02 sec)
//
delimiter &&
create procedure mycursor7()
begin
     declare id int;
     declare nm varchar(50);
     declare sal double;
     declare done int default 0;
     declare cur1 cursor for select eid,name,salary from employee1;
     declare continue handler for not found set done = 1;
      open cur1;
      label:loop
       fetch cur1 into id,nm,sal;
       insert into emp1 values(id,upper(nm),concat(round(sal / 1000),"k"));
       if done =1 then leave label;
       end if;
     end loop;
     close cur1;
end &&

mysql> select * from emp1;
+------+---------+--------+
| eid  | name    | salary |
+------+---------+--------+
|  101 | VIJAY   | 56k    |
|  102 | RANI    | 14k    |
|  104 |  RAMESH | 45k    |
|  105 | ANIL    | 35k    |
|  107 | AKASH   | 68k    |
|  108 |  PRIYA  | 60k    |
|  108 |  PRIYA  | 60k    |
+------+---------+--------+
7 rows in set (0.00 sec)

